Employee,Name.GivenName,Name.MiddleName,Name.FamilyName,StartDate,RelationshipToOrganization,RelationshipStatus,RetirementDate,ID.IssuingAuthority,ID.DocumentNumber,Preferences.PointOfOrigin,PrimaryWorkAssignment
200,Joanne,,Smartson,20030808,EMPLOYEE,ACTIVE,00000000,Social Security,222-55-8791,BANK CONTROL GROUP,1
201,Bill,,Smartson,20010601,EMPLOYEE,ACTIVE,00000000,Social Security,222-55-8792,BANK CONTROL GROUP,1
202,Peter,,Smartson,20180914,EMPLOYEE,ACTIVE,00000000,Social Security,222-55-8793,BANK CONTROL GROUP,1
203,Anna,,Smartson,20140106,EMPLOYEE,ACTIVE,00000000,Social Security,222-55-8794,BANK CONTROL GROUP,1
204,George,,Smartson,20080310,EMPLOYEE,ACTIVE,00000000,Social Security,222-55-8795,BANK CONTROL GROUP,1
205,Christine,,Smartson,20030808,EMPLOYEE,ACTIVE,00000000,Social Security,222-55-8796,BANK CONTROL GROUP,1
206,James,,Smartson,20010601,EMPLOYEE,ACTIVE,00000000,Social Security,222-55-8797,BANK CONTROL GROUP,1
207,Kirk,,Smartson,20180914,EMPLOYEE,ACTIVE,00000000,Social Security,222-55-8798,BANK CONTROL GROUP,1
208,Alisha,,Smartson,20140106,EMPLOYEE,ACTIVE,00000000,Social Security,222-55-8799,BANK CONTROL GROUP,1
209,Timothy,,Smartson,20080310,EMPLOYEE,ACTIVE,00000000,Social Security,222-55-8800,BANK CONTROL GROUP,0
210,Elizabeth,,Smartson,20000501,EMPLOYEE,ACTIVE,00000000,Social Security,222-55-8801,BANK CONTROL GROUP,1
211,Martin,,Smartson,19990415,EMPLOYEE,ACTIVE,00000000,Social Security,222-55-8802,BANK CONTROL GROUP,0
212,Jean,,Smartson,20100702,EMPLOYEE,ACTIVE,00000000,Social Security,222-55-8803,BANK CONTROL GROUP,1
213,Gene,,Smartson,20011008,EMPLOYEE,ACTIVE,00000000,Social Security,222-55-8804,BANK CONTROL GROUP,1
214,Hildy,,Smartson,19980701,EMPLOYEE,ACTIVE,00000000,Social Security,222-55-8805,BANK CONTROL GROUP,1
215,Thomas,,Smartson,20110914,EMPLOYEE,ACTIVE,00000000,Social Security,222-55-8806,BANK CONTROL GROUP,0
216,Alan,,Smartson,20120701,EMPLOYEE,ACTIVE,00000000,Social Security,222-55-8807,BANK CONTROL GROUP,1
217,Ginger,,Smartson,20100814,EMPLOYEE,ACTIVE,00000000,Social Security,222-55-8808,BANK CONTROL GROUP,1
218,Maria,,Smartson,20150901,EMPLOYEE,ACTIVE,00000000,Social Security,222-55-8809,BANK CONTROL GROUP,0
219,Buford,,Smartson,20130201,EMPLOYEE,ACTIVE,00000000,Social Security,222-55-8810,BANK CONTROL GROUP,1
220,Neal,,Smartson,20100101,EMPLOYEE,ACTIVE,00000000,Social Security,222-55-8811,BANK CONTROL GROUP,1
221,Katherine,,Smartson,20140401,EMPLOYEE,ACTIVE,00000000,Social Security,222-55-8812,BANK CONTROL GROUP,0
222,Jose,,Smartson,20130101,EMPLOYEE,ACTIVE,00000000,Social Security,222-55-8813,BANK CONTROL GROUP,0
223,Jennifer,,Smartson,20100913,EMPLOYEE,ACTIVE,00000000,Social Security,222-55-8814,BANK CONTROL GROUP,0
224,Ruben,,Smartson,20090406,EMPLOYEE,ACTIVE,00000000,Social Security,222-55-8815,BANK CONTROL GROUP,0
225,Samantha,,Smartson,20060102,EMPLOYEE,ACTIVE,00000000,Social Security,222-55-8816,BANK CONTROL GROUP,0
226,Rebel,,Smartson,20050502,EMPLOYEE,ACTIVE,00000000,Social Security,222-55-8817,BANK CONTROL GROUP,0
227,Karen,,Smartson,20150413,EMPLOYEE,ACTIVE,00000000,Social Security,222-55-8818,BANK CONTROL GROUP,0
228,Cynthia,,Smartson,20180101,EMPLOYEE,ACTIVE,00000000,Social Security,222-55-8819,BANK CONTROL GROUP,1
229,David,,Smartson,20130902,EMPLOYEE,ACTIVE,00000000,Social Security,222-55-8820,BANK CONTROL GROUP,1
230,Cathy,,Smartson,20100517,EMPLOYEE,ACTIVE,00000000,Social Security,222-55-8821,BANK CONTROL GROUP,1
231,Ken,,Smartson,20140203,EMPLOYEE,ACTIVE,00000000,Social Security,222-55-8822,BANK CONTROL GROUP,1
232,Wilson,,Smartson,20161003,EMPLOYEE,ACTIVE,00000000,Social Security,222-55-8823,BANK CONTROL GROUP,0
300,Inez,,Smartson,20000501,EMPLOYEE,ACTIVE,00000000,Social Security,222-55-8824,BANK CONTROL GROUP,1
301,Ian,,Smartson,19990415,EMPLOYEE,ACTIVE,00000000,Social Security,222-55-8825,BANK CONTROL GROUP,1
302,Imogen,,Smartson,20100702,EMPLOYEE,ACTIVE,00000000,Social Security,222-55-8826,BANK CONTROL GROUP,1
303,Isaac,,Smartson,20011008,EMPLOYEE,ACTIVE,00000000,Social Security,222-55-8827,BANK CONTROL GROUP,1
304,Isabelle,,Smartson,19980701,EMPLOYEE,ACTIVE,00000000,Social Security,222-55-8828,BANK CONTROL GROUP,1
320,Ryan,,Smartson,20110914,EMPLOYEE,ACTIVE,00000000,Social Security,222-55-8829,BANK CONTROL GROUP,1
321,River,,Smartson,20120701,EMPLOYEE,ACTIVE,00000000,Social Security,222-55-8830,BANK CONTROL GROUP,1
322,Rosita,,Smartson,20100814,EMPLOYEE,ACTIVE,00000000,Social Security,222-55-8831,BANK CONTROL GROUP,1
323,Rebecca,,Smartson,20150901,EMPLOYEE,ACTIVE,00000000,Social Security,222-55-8832,BANK CONTROL GROUP,1
324,Ronald,,Smartson,20130201,EMPLOYEE,ACTIVE,00000000,Social Security,222-55-8833,BANK CONTROL GROUP,1
340,Paul,,Smartson,20100101,EMPLOYEE,ACTIVE,00000000,Social Security,222-55-8834,BANK CONTROL GROUP,1
341,Pillar,,Smartson,20140401,EMPLOYEE,ACTIVE,00000000,Social Security,222-55-8835,BANK CONTROL GROUP,1
342,Pedro,,Smartson,20130101,EMPLOYEE,ACTIVE,00000000,Social Security,222-55-8836,BANK CONTROL GROUP,1
343,Paris,,Smartson,20100913,EMPLOYEE,ACTIVE,00000000,Social Security,222-55-8837,BANK CONTROL GROUP,1
360,Carlos,,Smartson,20090406,EMPLOYEE,ACTIVE,00000000,Social Security,222-55-8838,BANK CONTROL GROUP,1
361,Chloe,,Smartson,20060102,EMPLOYEE,ACTIVE,00000000,Social Security,222-55-8839,BANK CONTROL GROUP,1
370,Steven,,Smartson,20050502,EMPLOYEE,ACTIVE,00000000,Social Security,222-55-8840,BANK CONTROL GROUP,1
371,Shawna,,Smartson,20150413,EMPLOYEE,ACTIVE,00000000,Social Security,222-55-8841,BANK CONTROL GROUP,1
372,Sandy,,Smartson,20180101,EMPLOYEE,ACTIVE,00000000,Social Security,222-55-8842,BANK CONTROL GROUP,1
373,Sean,,Smartson,20130902,EMPLOYEE,ACTIVE,00000000,Social Security,222-55-8843,BANK CONTROL GROUP,1
386,Tracy,,Smartson,20100517,EMPLOYEE,ACTIVE,00000000,Social Security,222-55-8844,BANK CONTROL GROUP,0
387,Tom,,Smartson,20140203,EMPLOYEE,ACTIVE,00000000,Social Security,222-55-8845,BANK CONTROL GROUP,0
390,Terry,,Smartson,20161003,EMPLOYEE,ACTIVE,00000000,Social Security,222-55-8846,BANK CONTROL GROUP,1
901,Stephanie,,Palisek,20000101,EMPLOYEE,ACTIVE,00000000,Social Security,222-55-8847,BANK CONTROL GROUP,0
902,Jennifer,,Taylor-Hall,19850101,EMPLOYEE,ACTIVE,00000000,Social Security,222-55-8848,BANK CONTROL GROUP,0
903,Ruben,,Prado,19850101,EMPLOYEE,ACTIVE,00000000,Social Security,222-55-8849,BANK CONTROL GROUP,0
904,Carolyn,,Sonny-Davis,19850101,EMPLOYEE,ACTIVE,00000000,Social Security,222-55-8850,BANK CONTROL GROUP,0
905,Jose,,Gross,19850101,EMPLOYEE,ACTIVE,00000000,Social Security,222-55-8851,BANK CONTROL GROUP,0
906,Jacqui,,Sajour,19850101,EMPLOYEE,ACTIVE,00000000,Social Security,222-55-8852,BANK CONTROL GROUP,0
907,Elizabeth,,Stephens,19850101,EMPLOYEE,ACTIVE,00000000,Social Security,222-55-8853,BANK CONTROL GROUP,0
908,Ricardo,,Tonos,19850101,EMPLOYEE,ACTIVE,00000000,Social Security,222-55-8854,BANK CONTROL GROUP,0
1000,Samantha,,Baker,19771205,EMPLOYEE,ACTIVE,00000000,Social Security,222-55-8855,BANK CONTROL GROUP,1
1001,Jennifer,,Tatum,19770201,EMPLOYEE,ACTIVE,00000000,Social Security,222-55-8856,BANK CONTROL GROUP,0
1002,Rita,,Susat,19770307,EMPLOYEE,ACTIVE,00000000,Social Security,222-55-8857,BANK CONTROL GROUP,0
1003,Jewell,,Elmore,19770606,EMPLOYEE,ACTIVE,00000000,Social Security,222-55-8858,BANK CONTROL GROUP,0
1004,Jennifer,,Rehn,19810914,EMPLOYEE,ACTIVE,00000000,Social Security,222-55-8859,BANK CONTROL GROUP,0
1005,McKayla,,Joshi,19851228,EMPLOYEE,ACTIVE,00000000,Social Security,222-55-8860,BANK CONTROL GROUP,0
1006,Samantha,,Sather,19860526,EMPLOYEE,ACTIVE,00000000,Social Security,222-55-8861,BANK CONTROL GROUP,0
1007,Barbara,,Polley,19901228,EMPLOYEE,ACTIVE,00000000,Social Security,222-55-8862,BANK CONTROL GROUP,0
1008,Amy,,Caperton,19910915,EMPLOYEE,ACTIVE,00000000,Social Security,222-55-8863,BANK CONTROL GROUP,0
1009,Jennifer,,Batson,19851228,EMPLOYEE,ACTIVE,00000000,Social Security,222-55-8864,BANK CONTROL GROUP,0
1010,Celine,,Boyle,19860526,EMPLOYEE,ACTIVE,00000000,Social Security,222-55-8865,BANK CONTROL GROUP,0
1011,Elizabeth,,Perez,19910915,EMPLOYEE,ACTIVE,00000000,Social Security,222-55-8866,BANK CONTROL GROUP,0
1012,Amy,,Turner,19770606,EMPLOYEE,ACTIVE,00000000,Social Security,222-55-8867,BANK CONTROL GROUP,0
1013,Samantha,,Stive,19800428,EMPLOYEE,ACTIVE,00000000,Social Security,222-55-8868,BANK CONTROL GROUP,0
1014,Kenneth,,Crammer,19800914,EMPLOYEE,ACTIVE,00000000,Social Security,222-55-8869,BANK CONTROL GROUP,0
1015,William,,Crain,19810914,EMPLOYEE,ACTIVE,00000000,Social Security,222-55-8870,BANK CONTROL GROUP,0
1016,Gerald,,Speed,19851228,EMPLOYEE,ACTIVE,00000000,Social Security,222-55-8871,BANK CONTROL GROUP,0
1017,Theodore,,Smith,19860526,EMPLOYEE,ACTIVE,00000000,Social Security,222-55-8872,BANK CONTROL GROUP,0
1018,Billy,,Upshaw,19871010,EMPLOYEE,ACTIVE,00000000,Social Security,222-55-8873,BANK CONTROL GROUP,1
1019,Dana,,Jerdee,19871226,EMPLOYEE,ACTIVE,00000000,Social Security,222-55-8874,BANK CONTROL GROUP,0
1020,Barbara,,Vasquez,19880426,EMPLOYEE,ACTIVE,00000000,Social Security,222-55-8875,BANK CONTROL GROUP,0
1021,Linda,,Bosoco,19901228,EMPLOYEE,ACTIVE,00000000,Social Security,222-55-8876,BANK CONTROL GROUP,0
1022,Melissa,,Maldanado,19800914,EMPLOYEE,ACTIVE,00000000,Social Security,222-55-8877,BANK CONTROL GROUP,0
1023,Stephanie,,Palisek,19810914,EMPLOYEE,ACTIVE,00000000,Social Security,222-55-8878,BANK CONTROL GROUP,0
1024,Michael,,Kensinger,19851228,EMPLOYEE,ACTIVE,00000000,Social Security,222-55-8879,BANK CONTROL GROUP,0
1025,Amanda,,Cummings,19860526,EMPLOYEE,ACTIVE,00000000,Social Security,222-55-8880,BANK CONTROL GROUP,0
1026,Cecily,,Ward,19851228,EMPLOYEE,ACTIVE,00000000,Social Security,222-55-8881,BANK CONTROL GROUP,1
1027,Thomas,,Andrews,19860526,EMPLOYEE,ACTIVE,00000000,Social Security,222-55-8882,BANK CONTROL GROUP,0
1028,Marilyn,,Bowers,19901228,EMPLOYEE,ACTIVE,00000000,Social Security,222-55-8883,BANK CONTROL GROUP,0
1029,Rene,,Harmon,19910915,EMPLOYEE,ACTIVE,00000000,Social Security,222-55-8884,BANK CONTROL GROUP,0
1030,Michael,,Wohlenberg,19851228,EMPLOYEE,ACTIVE,00000000,Social Security,222-55-8885,BANK CONTROL GROUP,1
1031,Dana,,Foster,19880426,EMPLOYEE,ACTIVE,00000000,Social Security,222-55-8886,BANK CONTROL GROUP,0
1032,Jim,,Bruce,19901228,EMPLOYEE,ACTIVE,00000000,Social Security,222-55-8887,BANK CONTROL GROUP,0
1033,Marilyn,,Daughtery,19771205,EMPLOYEE,ACTIVE,00000000,Social Security,222-55-8888,BANK CONTROL GROUP,1
1034,Foster,,Meyer,19770201,EMPLOYEE,ACTIVE,00000000,Social Security,222-55-8889,BANK CONTROL GROUP,0
1035,Anne,,Ludeman,19770307,EMPLOYEE,ACTIVE,00000000,Social Security,222-55-8890,BANK CONTROL GROUP,0
1036,Elizabeth,,Stephens,19770606,EMPLOYEE,ACTIVE,00000000,Social Security,222-55-8891,BANK CONTROL GROUP,0
1037,Anne,,Nieves,19880426,EMPLOYEE,ACTIVE,00000000,Social Security,222-55-8892,BANK CONTROL GROUP,0
1038,Kenneth,,Knauber,19901228,EMPLOYEE,ACTIVE,00000000,Social Security,222-55-8893,BANK CONTROL GROUP,0
1039,Jean,,Patel,19771205,EMPLOYEE,ACTIVE,00000000,Social Security,222-55-8894,BANK CONTROL GROUP,0
1040,Foster,,Family,19800428,EMPLOYEE,ACTIVE,00000000,Social Security,222-55-8895,BANK CONTROL GROUP,0
1041,William,,Winters,19800914,EMPLOYEE,ACTIVE,00000000,Social Security,222-55-8896,BANK CONTROL GROUP,1
1042,Sandy,,Classen,19810914,EMPLOYEE,ACTIVE,00000000,Social Security,222-55-8897,BANK CONTROL GROUP,1
1043,Sandy,Leslie3,Abate,19851228,EMPLOYEE,ACTIVE,00000000,Social Security,222-55-8898,TEST,1
1044,Kenneth,,Tillerson,19860526,EMPLOYEE,ACTIVE,00000000,Social Security,222-55-8899,BANK CONTROL GROUP,0
1045,Jerry,,Gardner,19871010,EMPLOYEE,ACTIVE,00000000,Social Security,222-55-8900,BANK CONTROL GROUP,0
1046,George,,Dowell,19871226,EMPLOYEE,ACTIVE,00000000,Social Security,222-55-8901,BANK CONTROL GROUP,0
1047,Sandy,,Ballard,19880426,EMPLOYEE,ACTIVE,00000000,Social Security,222-55-8902,BANK CONTROL GROUP,0
1048,Elizabeth,,Malone,19901228,EMPLOYEE,ACTIVE,00000000,Social Security,222-55-8903,BANK CONTROL GROUP,1
1049,Edward,,Moore,19800914,EMPLOYEE,ACTIVE,00000000,Social Security,222-55-8904,BANK CONTROL GROUP,0
1050,Roy,,Bakos,19810914,EMPLOYEE,TERMINATED,00000000,Social Security,222-55-8905,BANK CONTROL GROUP,0
1051,Foster,,Dane,19851228,EMPLOYEE,ACTIVE,00000000,Social Security,222-55-8906,BANK CONTROL GROUP,0
1052,Roy,,Trevino,19860526,EMPLOYEE,ACTIVE,00000000,Social Security,222-55-8907,BANK CONTROL GROUP,0
1053,Kenneth,,Alvarez,19851228,EMPLOYEE,ACTIVE,00000000,Social Security,222-55-8908,BANK CONTROL GROUP,1
1054,Erin,,Cooper,19860526,EMPLOYEE,ACTIVE,00000000,Social Security,222-55-8909,BANK CONTROL GROUP,1
1055,William,,Odell,19901228,EMPLOYEE,ACTIVE,00000000,Social Security,222-55-8910,BANK CONTROL GROUP,0
1056,Edward,,Hollabaugh,19910915,EMPLOYEE,ACTIVE,00000000,Social Security,222-55-8911,BANK CONTROL GROUP,0
1057,Roy,,Matkin,19851228,EMPLOYEE,ACTIVE,00000000,Social Security,222-55-8912,BANK CONTROL GROUP,0
1058,Marilyn,,Jackson,19880426,EMPLOYEE,ACTIVE,00000000,Social Security,222-55-8913,BANK CONTROL GROUP,0
1059,Rene,,Shilstone,19901228,EMPLOYEE,ACTIVE,00000000,Social Security,222-55-8914,BANK CONTROL GROUP,0
1060,Linda,,Perry,19771205,EMPLOYEE,ACTIVE,00000000,Social Security,222-55-8915,BANK CONTROL GROUP,0
1061,Ben,,Erickson,19800428,EMPLOYEE,ACTIVE,00000000,Social Security,222-55-8916,BANK CONTROL GROUP,0
1062,Anne,,Robinson,19800914,EMPLOYEE,ACTIVE,00000000,Social Security,222-55-8917,BANK CONTROL GROUP,1
1063,Dana,,Zvonecek,19810914,EMPLOYEE,ACTIVE,00000000,Social Security,222-55-8918,BANK CONTROL GROUP,0
1064,Kenneth,,Erwin,19851228,EMPLOYEE,ACTIVE,00000000,Social Security,222-55-8919,BANK CONTROL GROUP,0
1065,Dana,,Gaponov,19860526,EMPLOYEE,ACTIVE,00000000,Social Security,222-55-8920,BANK CONTROL GROUP,0
1066,Anne,,Walther,19871010,EMPLOYEE,ACTIVE,00000000,Social Security,222-55-8921,BANK CONTROL GROUP,0
1067,Elizabeth,,Griffin,19871226,EMPLOYEE,ACTIVE,00000000,Social Security,222-55-8922,BANK CONTROL GROUP,0
1068,Henry,,Fernandez,19880426,EMPLOYEE,ACTIVE,00000000,Social Security,222-55-8923,BANK CONTROL GROUP,0
1069,Bill,,Jordan,19901228,EMPLOYEE,ACTIVE,00000000,Social Security,222-55-8924,BANK CONTROL GROUP,0
1070,Melissa,,Wofford,19800914,EMPLOYEE,ACTIVE,00000000,Social Security,222-55-8925,BANK CONTROL GROUP,0
1071,Foster,,Dupree,19810914,EMPLOYEE,ACTIVE,00000000,Social Security,222-55-8926,BANK CONTROL GROUP,0
1072,Thomas,,Henson,19851228,EMPLOYEE,ACTIVE,00000000,Social Security,222-55-8927,BANK CONTROL GROUP,0
1073,Kenneth,,Stevens,19860526,EMPLOYEE,ACTIVE,00000000,Social Security,222-55-8928,BANK CONTROL GROUP,0
1074,Sam,,Higoy,19851228,EMPLOYEE,ACTIVE,00000000,Social Security,222-55-8929,BANK CONTROL GROUP,0
1075,Roy,,Berg,19860526,EMPLOYEE,ACTIVE,00000000,Social Security,222-55-8930,BANK CONTROL GROUP,1
1076,Teeny,,DeLaney,19901228,EMPLOYEE,ACTIVE,00000000,Social Security,222-55-8931,BANK CONTROL GROUP,1
1077,Rene,,Whitaker,19910915,EMPLOYEE,ACTIVE,00000000,Social Security,222-55-8932,BANK CONTROL GROUP,0
1078,Trinnie,,Turner,19851228,EMPLOYEE,ACTIVE,00000000,Social Security,222-55-8933,BANK CONTROL GROUP,0
1079,Michael,,Adams,19880426,EMPLOYEE,ACTIVE,00000000,Social Security,222-55-8934,BANK CONTROL GROUP,1
1080,Linda,,Douglas,19901228,EMPLOYEE,ACTIVE,00000000,Social Security,222-55-8935,BANK CONTROL GROUP,0
1081,Foster,,Beeman,19771205,EMPLOYEE,ACTIVE,00000000,Social Security,222-55-8936,BANK CONTROL GROUP,0
1082,Roy,,Few,19800428,EMPLOYEE,ACTIVE,00000000,Social Security,222-55-8937,BANK CONTROL GROUP,0
1083,Hector,,Erkoc,19800914,EMPLOYEE,ACTIVE,00000000,Social Security,222-55-8938,BANK CONTROL GROUP,0
1084,Marilyn,,Wiley,19810914,EMPLOYEE,ACTIVE,00000000,Social Security,222-55-8939,BANK CONTROL GROUP,0
1085,Edward,,Baldwin,19851228,EMPLOYEE,ACTIVE,00000000,Social Security,222-55-8940,BANK CONTROL GROUP,1
1086,Rene,,Killen,19860526,EMPLOYEE,ACTIVE,00000000,Social Security,222-55-8941,BANK CONTROL GROUP,0
1087,Edward,,Ozcan,19871010,EMPLOYEE,ACTIVE,00000000,Social Security,222-55-8942,BANK CONTROL GROUP,0
1088,Foster,,Korkmas,19871226,EMPLOYEE,ACTIVE,00000000,Social Security,222-55-8943,BANK CONTROL GROUP,0
1089,Kenneth,,Fields,19880426,EMPLOYEE,ACTIVE,00000000,Social Security,222-55-8944,BANK CONTROL GROUP,0
1090,Suzy,,Harmon,19901228,EMPLOYEE,ACTIVE,00000000,Social Security,222-55-8945,BANK CONTROL GROUP,0
1091,June,,Farmer,19800914,EMPLOYEE,ACTIVE,00000000,Social Security,222-55-8946,BANK CONTROL GROUP,0
1092,William,,Fife,19810914,EMPLOYEE,ACTIVE,00000000,Social Security,222-55-8947,BANK CONTROL GROUP,1
1093,Marilyn,,Meler,19851228,EMPLOYEE,ACTIVE,00000000,Social Security,222-55-8948,BANK CONTROL GROUP,0
1094,Kenneth,,Daniel,19860526,EMPLOYEE,ACTIVE,00000000,Social Security,222-55-8949,BANK CONTROL GROUP,0
1095,Melissa,,Ranne,19851228,EMPLOYEE,ACTIVE,00000000,Social Security,222-55-8950,BANK CONTROL GROUP,0
1096,Elizabeth,,Hurtado,19860526,EMPLOYEE,ACTIVE,00000000,Social Security,222-55-8951,BANK CONTROL GROUP,0
1097,Erin,,Hart,19901228,EMPLOYEE,ACTIVE,00000000,Social Security,222-55-8952,BANK CONTROL GROUP,0
1098,Erin,,Simpson,19910915,EMPLOYEE,ACTIVE,00000000,Social Security,222-55-8953,BANK CONTROL GROUP,0
1099,Lisa,,Biggerstaff,19851228,EMPLOYEE,ACTIVE,00000000,Social Security,222-55-8954,BANK CONTROL GROUP,0
1100,Linda,,Medaille,19880426,EMPLOYEE,ACTIVE,00000000,Social Security,222-55-8955,BANK CONTROL GROUP,0
1101,Rene,,Barrett,19901228,EMPLOYEE,ACTIVE,00000000,Social Security,222-55-8956,BANK CONTROL GROUP,0
1102,Linda,,Allard,19771205,EMPLOYEE,ACTIVE,00000000,Social Security,222-55-8957,BANK CONTROL GROUP,2
1103,William,,Watson,19800428,EMPLOYEE,ACTIVE,00000000,Social Security,222-55-8958,BANK CONTROL GROUP,0
1104,Elizabeth,,Bushwar,19800914,EMPLOYEE,ACTIVE,00000000,Social Security,222-55-8959,BANK CONTROL GROUP,0
1105,Melissa,,Gimble,19810914,EMPLOYEE,ACTIVE,00000000,Social Security,222-55-8960,BANK CONTROL GROUP,0
1106,Anne,,Garrison,19851228,EMPLOYEE,ACTIVE,00000000,Social Security,222-55-8961,BANK CONTROL GROUP,0
1107,Dana,,Ho,19860526,EMPLOYEE,ACTIVE,00000000,Social Security,222-55-8962,BANK CONTROL GROUP,0
1108,Rene,,Ingle,19871010,EMPLOYEE,ACTIVE,00000000,Social Security,222-55-8963,BANK CONTROL GROUP,0
1109,Melissa,,Hampton,19871226,EMPLOYEE,ACTIVE,00000000,Social Security,222-55-8964,BANK CONTROL GROUP,0
1110,Melissa,,Endicott,19880426,EMPLOYEE,ACTIVE,00000000,Social Security,222-55-8965,BANK CONTROL GROUP,1
1111,Linda,,Raval,19901228,EMPLOYEE,ACTIVE,00000000,Social Security,222-55-8966,BANK CONTROL GROUP,0
1112,Linda,,Goksen,19800914,EMPLOYEE,ACTIVE,00000000,Social Security,222-55-8967,BANK CONTROL GROUP,0
1113,Teresa,,Doby,19810914,EMPLOYEE,ACTIVE,00000000,Social Security,222-55-8968,BANK CONTROL GROUP,0
1114,Roy,,Power,19851228,EMPLOYEE,ACTIVE,00000000,Social Security,222-55-8969,BANK CONTROL GROUP,0
1115,Erin,,Fryrear,19860526,EMPLOYEE,ACTIVE,00000000,Social Security,222-55-8970,BANK CONTROL GROUP,0
1116,Sandy,,Tuttle,19851228,EMPLOYEE,ACTIVE,00000000,Social Security,222-55-8971,BANK CONTROL GROUP,0
1117,Melissa,,Stare,19860526,EMPLOYEE,ACTIVE,00000000,Social Security,222-55-8972,BANK CONTROL GROUP,0
1118,Tess,,Woodcock,19901228,EMPLOYEE,ACTIVE,00000000,Social Security,222-55-8973,BANK CONTROL GROUP,1
1119,William,,Matthews,19910915,EMPLOYEE,ACTIVE,00000000,Social Security,222-55-8974,BANK CONTROL GROUP,0
1120,Edward,,Matysek,19851228,EMPLOYEE,ACTIVE,00000000,Social Security,222-55-8975,BANK CONTROL GROUP,0
1121,Sandy,,Woertendyke,19880426,EMPLOYEE,ACTIVE,00000000,Social Security,222-55-8976,BANK CONTROL GROUP,1
1122,Elizabeth,,Barnes,19901228,EMPLOYEE,ACTIVE,00000000,Social Security,222-55-8977,BANK CONTROL GROUP,1
1123,Linda,,Manfull,19771205,EMPLOYEE,ACTIVE,00000000,Social Security,222-55-8978,BANK CONTROL GROUP,0
1124,Dana,,Robertson,19800428,EMPLOYEE,ACTIVE,00000000,Social Security,222-55-8979,BANK CONTROL GROUP,0
1125,Dana,,Walker,19800914,EMPLOYEE,ACTIVE,00000000,Social Security,222-55-8980,BANK CONTROL GROUP,0
1126,Edward,,Svehlak,19810914,EMPLOYEE,ACTIVE,00000000,Social Security,222-55-8981,BANK CONTROL GROUP,1
1127,Rene,,Thomas,19851228,EMPLOYEE,ACTIVE,00000000,Social Security,222-55-8982,BANK CONTROL GROUP,0
1128,Foster,,Torres,19860526,EMPLOYEE,ACTIVE,00000000,Social Security,222-55-8983,BANK CONTROL GROUP,1
1129,Roy,,Nordeman,19871010,EMPLOYEE,ACTIVE,00000000,Social Security,222-55-8984,BANK CONTROL GROUP,0
1130,Kenneth,,Tillerson,19871226,EMPLOYEE,ACTIVE,00000000,Social Security,222-55-8985,BANK CONTROL GROUP,0
1131,Anne,,Cottrel,19880426,EMPLOYEE,ACTIVE,00000000,Social Security,222-55-8986,BANK CONTROL GROUP,1
1132,Dana,,Schuchman,19901228,EMPLOYEE,ACTIVE,00000000,Social Security,222-55-8987,BANK CONTROL GROUP,0
1133,Roy,,Crafts,19800914,EMPLOYEE,ACTIVE,00000000,Social Security,222-55-8988,BANK CONTROL GROUP,0
1134,Anne,,Hays,19810914,EMPLOYEE,ACTIVE,00000000,Social Security,222-55-8989,BANK CONTROL GROUP,0
1135,Michael,,Heslep,19851228,EMPLOYEE,ACTIVE,00000000,Social Security,222-55-8990,BANK CONTROL GROUP,0
1136,Edward,,Grzymkoski,19860526,EMPLOYEE,ACTIVE,00000000,Social Security,222-55-8991,BANK CONTROL GROUP,0
1137,Richard,,Willems,19851228,EMPLOYEE,ACTIVE,00000000,Social Security,222-55-8992,BANK CONTROL GROUP,1
1138,Melissa,,Clemming,19860526,EMPLOYEE,ACTIVE,00000000,Social Security,222-55-8993,BANK CONTROL GROUP,1
1139,Edward,,Witthuhn,19901228,EMPLOYEE,ACTIVE,00000000,Social Security,222-55-8994,BANK CONTROL GROUP,0
1140,Marilyn,,Shroyer,19910915,EMPLOYEE,ACTIVE,00000000,Social Security,222-55-8995,BANK CONTROL GROUP,0
1141,Melissa,,Parker,19851228,EMPLOYEE,ACTIVE,00000000,Social Security,222-55-8996,BANK CONTROL GROUP,0
1142,William,,Echols,19880426,EMPLOYEE,ACTIVE,00000000,Social Security,222-55-8997,BANK CONTROL GROUP,0
1143,Erin,,Rejkowski,19901228,EMPLOYEE,ACTIVE,00000000,Social Security,222-55-8998,BANK CONTROL GROUP,0
1144,Rene,,Books,19771205,EMPLOYEE,ACTIVE,00000000,Social Security,222-55-8999,BANK CONTROL GROUP,0
1145,Edward,,Magee,19800428,EMPLOYEE,ACTIVE,00000000,Social Security,222-55-9000,BANK CONTROL GROUP,0
1146,Erin,,Mueller,19800914,EMPLOYEE,ACTIVE,00000000,Social Security,222-55-9001,BANK CONTROL GROUP,0
1147,William,,Bessler,19810914,EMPLOYEE,ACTIVE,00000000,Social Security,222-55-9002,BANK CONTROL GROUP,0
1148,Linda,,Boston,19851228,EMPLOYEE,ACTIVE,00000000,Social Security,222-55-9003,BANK CONTROL GROUP,0
1149,Michael,,Engelland,19860526,EMPLOYEE,ACTIVE,00000000,Social Security,222-55-9004,BANK CONTROL GROUP,0
1150,Edward,,Henderson,19871010,EMPLOYEE,ACTIVE,00000000,Social Security,222-55-9005,BANK CONTROL GROUP,0
1151,Roy,,Holcombe,19871226,EMPLOYEE,ACTIVE,00000000,Social Security,222-55-9006,BANK CONTROL GROUP,0
1152,Anne,,Mathur,19880426,EMPLOYEE,ACTIVE,00000000,Social Security,222-55-9007,BANK CONTROL GROUP,0
1153,Marilyn,,Pierce,19901228,EMPLOYEE,ACTIVE,00000000,Social Security,222-55-9008,BANK CONTROL GROUP,0
1154,Sandy,,Taff,19800914,EMPLOYEE,ACTIVE,00000000,Social Security,222-55-9009,BANK CONTROL GROUP,0
1155,Erin,,Shrinker,19810914,EMPLOYEE,ACTIVE,00000000,Social Security,222-55-9010,BANK CONTROL GROUP,0
1156,Roy,,EastWood,19851228,EMPLOYEE,ACTIVE,00000000,Social Security,222-55-9011,BANK CONTROL GROUP,0
1157,Belinda,,Wernli,19860526,EMPLOYEE,ACTIVE,00000000,Social Security,222-55-9012,BANK CONTROL GROUP,0
1158,Anne,,Bennett,19851228,EMPLOYEE,ACTIVE,00000000,Social Security,222-55-9013,BANK CONTROL GROUP,0
1159,Edward,,Bigham,19860526,EMPLOYEE,ACTIVE,00000000,Social Security,222-55-9014,BANK CONTROL GROUP,1
1160,William,,Cherry,19901228,EMPLOYEE,ACTIVE,00000000,Social Security,222-55-9015,BANK CONTROL GROUP,0
1161,Elizabeth,,Ketchersid,19910915,EMPLOYEE,ACTIVE,00000000,Social Security,222-55-9016,BANK CONTROL GROUP,0
1162,Edward,,Leadabrand,19851228,EMPLOYEE,ACTIVE,00000000,Social Security,222-55-9017,BANK CONTROL GROUP,0
1163,Sammy,,Banks,19880426,EMPLOYEE,ACTIVE,00000000,Social Security,222-55-9018,BANK CONTROL GROUP,0
1164,Erin,,Davis,19901228,EMPLOYEE,ACTIVE,00000000,Social Security,222-55-9019,BANK CONTROL GROUP,0
1165,Foster,,Lucero,19771205,EMPLOYEE,ACTIVE,00000000,Social Security,222-55-9020,BANK CONTROL GROUP,0
1166,Linda,,Buxton,19800428,EMPLOYEE,ACTIVE,00000000,Social Security,222-55-9021,BANK CONTROL GROUP,0
1167,Erin,,Toon,19800914,EMPLOYEE,ACTIVE,00000000,Social Security,222-55-9022,BANK CONTROL GROUP,0
1168,William,,Browning,19810914,EMPLOYEE,ACTIVE,00000000,Social Security,222-55-9023,BANK CONTROL GROUP,1
1169,Rene,,Glenn,19851228,EMPLOYEE,ACTIVE,00000000,Social Security,222-55-9024,BANK CONTROL GROUP,0
1170,Anne,,Traylor,19860526,EMPLOYEE,ACTIVE,00000000,Social Security,222-55-9025,BANK CONTROL GROUP,0
1171,Foster,,Day,19871010,EMPLOYEE,ACTIVE,00000000,Social Security,222-55-9026,BANK CONTROL GROUP,0
1172,Foster,,Hinson,19871226,EMPLOYEE,ACTIVE,00000000,Social Security,222-55-9027,BANK CONTROL GROUP,0
1173,Melissa,,Shelton,19880426,EMPLOYEE,ACTIVE,00000000,Social Security,222-55-9028,BANK CONTROL GROUP,0
1174,Linda,,White,19901228,EMPLOYEE,ACTIVE,00000000,Social Security,222-55-9029,BANK CONTROL GROUP,1
1175,Melissa,,Hon,19800914,EMPLOYEE,ACTIVE,00000000,Social Security,222-55-9030,BANK CONTROL GROUP,0
1176,Melissa,,Clem,19810914,EMPLOYEE,ACTIVE,00000000,Social Security,222-55-9031,BANK CONTROL GROUP,0
1177,Anne,,Lacaze,19851228,EMPLOYEE,ACTIVE,00000000,Social Security,222-55-9032,BANK CONTROL GROUP,0
1178,Michael,,Boonar,19860526,EMPLOYEE,ACTIVE,00000000,Social Security,222-55-9033,BANK CONTROL GROUP,0
1179,Sandy,,Dirting,19851228,EMPLOYEE,ACTIVE,00000000,Social Security,222-55-9034,BANK CONTROL GROUP,0
1180,Rene,,Manale,19860526,EMPLOYEE,ACTIVE,00000000,Social Security,222-55-9035,BANK CONTROL GROUP,0
1181,Michael,,Morgan,19901228,EMPLOYEE,ACTIVE,00000000,Social Security,222-55-9036,BANK CONTROL GROUP,0
1182,Erin,,Voelkle,19910915,EMPLOYEE,ACTIVE,00000000,Social Security,222-55-9037,BANK CONTROL GROUP,0
1183,Janie,,Cooper,19851228,EMPLOYEE,ACTIVE,00000000,Social Security,222-55-9038,BANK CONTROL GROUP,0
1184,Linda,,Morton,19880426,EMPLOYEE,ACTIVE,00000000,Social Security,222-55-9039,BANK CONTROL GROUP,0
1185,Michael,,Russell,19901228,EMPLOYEE,ACTIVE,00000000,Social Security,222-55-9040,BANK CONTROL GROUP,0
1186,Thomas,,Tsirigotis,19771205,EMPLOYEE,ACTIVE,00000000,Social Security,222-55-9041,BANK CONTROL GROUP,0
1187,Foster,,Willbanks,19800428,EMPLOYEE,ACTIVE,00000000,Social Security,222-55-9042,BANK CONTROL GROUP,0
1188,Erica,,Bundela,19800914,EMPLOYEE,ACTIVE,00000000,Social Security,222-55-9043,BANK CONTROL GROUP,0
1189,Anne,,Williams,19810914,EMPLOYEE,ACTIVE,00000000,Social Security,222-55-9044,BANK CONTROL GROUP,1
1190,Marilyn,,Vinson,19851228,EMPLOYEE,ACTIVE,00000000,Social Security,222-55-9045,BANK CONTROL GROUP,0
1191,Anne,,Baker,19860526,EMPLOYEE,ACTIVE,00000000,Social Security,222-55-9046,BANK CONTROL GROUP,1
1192,Linda,,Bass,19871010,EMPLOYEE,ACTIVE,00000000,Social Security,222-55-9047,BANK CONTROL GROUP,1
1193,Melissa,,Tatum,19871226,EMPLOYEE,ACTIVE,00000000,Social Security,222-55-9048,BANK CONTROL GROUP,0
1194,Roy,,Crystal,19880426,EMPLOYEE,ACTIVE,00000000,Social Security,222-55-9049,BANK CONTROL GROUP,0
1195,Tomas,,Bell,19901228,EMPLOYEE,ACTIVE,00000000,Social Security,222-55-9050,BANK CONTROL GROUP,1
1196,Sandy,,Elmore,19800914,EMPLOYEE,ACTIVE,00000000,Social Security,222-55-9051,BANK CONTROL GROUP,0
1197,Michael,,Patel,19810914,EMPLOYEE,ACTIVE,00000000,Social Security,222-55-9052,BANK CONTROL GROUP,0
1198,Marilyn,,Rehn,19851228,EMPLOYEE,ACTIVE,00000000,Social Security,222-55-9053,BANK CONTROL GROUP,0
1199,Sandy,,Filbeck,19860526,EMPLOYEE,ACTIVE,00000000,Social Security,222-55-9054,BANK CONTROL GROUP,0
1200,Michael,,McGlothin,19851228,EMPLOYEE,ACTIVE,00000000,Social Security,222-55-9055,BANK CONTROL GROUP,0
1201,Edward,,Joshi,19860526,EMPLOYEE,ACTIVE,00000000,Social Security,222-55-9056,BANK CONTROL GROUP,0
1202,Linda,,Vasquez,19901228,EMPLOYEE,ACTIVE,00000000,Social Security,222-55-9057,BANK CONTROL GROUP,0
1203,Edward,,Beemer,19910915,EMPLOYEE,ACTIVE,00000000,Social Security,222-55-9058,BANK CONTROL GROUP,0
1204,Foster,,Polley,19851228,EMPLOYEE,ACTIVE,00000000,Social Security,222-55-9059,BANK CONTROL GROUP,0
1205,Marilyn,,Zaun,19880426,EMPLOYEE,ACTIVE,00000000,Social Security,222-55-9060,BANK CONTROL GROUP,0
1206,Foster,,Caperton,19901228,EMPLOYEE,ACTIVE,00000000,Social Security,222-55-9061,BANK CONTROL GROUP,1
1207,Kenneth,,Gerwin,19771205,EMPLOYEE,ACTIVE,00000000,Social Security,222-55-9062,BANK CONTROL GROUP,0
1208,Erin,,Stive,19800428,EMPLOYEE,ACTIVE,00000000,Social Security,222-55-9063,BANK CONTROL GROUP,0
1209,Erin,,Hennessey,19800914,EMPLOYEE,ACTIVE,00000000,Social Security,222-55-9064,BANK CONTROL GROUP,0
1210,Kenneth,,Harper,19810914,EMPLOYEE,ACTIVE,00000000,Social Security,222-55-9065,BANK CONTROL GROUP,0
1211,Erin,,Jasper,19851228,EMPLOYEE,ACTIVE,00000000,Social Security,222-55-9066,BANK CONTROL GROUP,0
1212,Kenneth,,Yacio,19860526,EMPLOYEE,ACTIVE,00000000,Social Security,222-55-9067,BANK CONTROL GROUP,1
1213,Melissa,,Rubeck,19871010,EMPLOYEE,ACTIVE,00000000,Social Security,222-55-9068,BANK CONTROL GROUP,0
1214,Roy,,Chernoff,19871226,EMPLOYEE,ACTIVE,00000000,Social Security,222-55-9069,BANK CONTROL GROUP,1
1215,Marilyn,,Todorova,19880426,EMPLOYEE,ACTIVE,00000000,Social Security,222-55-9070,BANK CONTROL GROUP,0
1216,Boots,,Urgle,19901228,EMPLOYEE,ACTIVE,00000000,Social Security,222-55-9071,BANK CONTROL GROUP,0
1217,Elizabeth,,Ratcliff,19800914,EMPLOYEE,ACTIVE,00000000,Social Security,222-55-9072,BANK CONTROL GROUP,1
1218,Elizabeth,,Hannan,19810914,EMPLOYEE,ACTIVE,00000000,Social Security,222-55-9073,BANK CONTROL GROUP,0
1219,Carl,,Smith,19851228,EMPLOYEE,ACTIVE,00000000,Social Security,222-55-9074,BANK CONTROL GROUP,0
1220,Michael,,Burgess,19860526,EMPLOYEE,ACTIVE,00000000,Social Security,222-55-9075,BANK CONTROL GROUP,1
1221,Kenneth,,Vaz,19851228,EMPLOYEE,ACTIVE,00000000,Social Security,222-55-9076,BANK CONTROL GROUP,0
1222,Roy,,Ward,19860526,EMPLOYEE,ACTIVE,00000000,Social Security,222-55-9077,BANK CONTROL GROUP,0
1223,Kenneth,,Shilpak,19901228,EMPLOYEE,ACTIVE,00000000,Social Security,222-55-9078,BANK CONTROL GROUP,0
1224,Roy,,Scott,19910915,EMPLOYEE,ACTIVE,00000000,Social Security,222-55-9079,BANK CONTROL GROUP,0
1225,Roy,,Ludeman,19851228,EMPLOYEE,ACTIVE,00000000,Social Security,222-55-9080,BANK CONTROL GROUP,0
1226,Foster,,Gans,19880426,EMPLOYEE,ACTIVE,00000000,Social Security,222-55-9081,BANK CONTROL GROUP,0
1227,Edward,,Dilg,19901228,EMPLOYEE,ACTIVE,00000000,Social Security,222-55-9082,BANK CONTROL GROUP,0
1228,Rene,,Morris,19771205,EMPLOYEE,ACTIVE,00000000,Social Security,222-55-9083,BANK CONTROL GROUP,0
1229,Dana,,Bradley,19800428,EMPLOYEE,ACTIVE,00000000,Social Security,222-55-9084,BANK CONTROL GROUP,1
1230,Marilyn,,Caldwell,19800914,EMPLOYEE,ACTIVE,00000000,Social Security,222-55-9085,BANK CONTROL GROUP,1
1231,Kenneth,,Mannon,19810914,EMPLOYEE,ACTIVE,00000000,Social Security,222-55-9086,BANK CONTROL GROUP,0
1232,Roy,,Braun,19851228,EMPLOYEE,ACTIVE,00000000,Social Security,222-55-9087,BANK CONTROL GROUP,0
1233,Michael,,Clements,19860526,EMPLOYEE,ACTIVE,00000000,Social Security,222-55-9088,BANK CONTROL GROUP,1
1234,Roy,,Dennis,19871010,EMPLOYEE,ACTIVE,00000000,Social Security,222-55-9089,BANK CONTROL GROUP,0
1235,Rene,,Ermini,19871226,EMPLOYEE,ACTIVE,00000000,Social Security,222-55-9090,BANK CONTROL GROUP,0
1236,Anne,,Potier,19880426,EMPLOYEE,ACTIVE,00000000,Social Security,222-55-9091,BANK CONTROL GROUP,0
1237,Edward,,Ellis,19901228,EMPLOYEE,ACTIVE,00000000,Social Security,222-55-9092,BANK CONTROL GROUP,0
1238,Elizabeth,,Fischer,19800914,EMPLOYEE,ACTIVE,00000000,Social Security,222-55-9093,BANK CONTROL GROUP,0
1239,Foster,,Voss,19810914,EMPLOYEE,ACTIVE,00000000,Social Security,222-55-9094,BANK CONTROL GROUP,1
1240,Michael,,Shepherd,19851228,EMPLOYEE,ACTIVE,00000000,Social Security,222-55-9095,BANK CONTROL GROUP,0
1241,Erin,,Shubin,19860526,EMPLOYEE,ACTIVE,00000000,Social Security,222-55-9096,BANK CONTROL GROUP,0
1242,Melissa,,Twining,19851228,EMPLOYEE,ACTIVE,00000000,Social Security,222-55-9097,BANK CONTROL GROUP,1
1243,Kenneth,,Cadenhead,19860526,EMPLOYEE,ACTIVE,00000000,Social Security,222-55-9098,BANK CONTROL GROUP,0
1244,Marilyn,,Grantved,19901228,EMPLOYEE,ACTIVE,00000000,Social Security,222-55-9099,BANK CONTROL GROUP,0
1245,William,,Grogan,19910915,EMPLOYEE,ACTIVE,00000000,Social Security,222-55-9100,BANK CONTROL GROUP,0
1246,Dana,,Mikkelson,19851228,EMPLOYEE,ACTIVE,00000000,Social Security,222-55-9101,BANK CONTROL GROUP,0
1247,Dana,,Delgado,19880426,EMPLOYEE,ACTIVE,00000000,Social Security,222-55-9102,BANK CONTROL GROUP,0
1248,Michael,,Dobson,19901228,EMPLOYEE,ACTIVE,00000000,Social Security,222-55-9103,BANK CONTROL GROUP,0
1249,Anne,,Slaughter,19771205,EMPLOYEE,ACTIVE,00000000,Social Security,222-55-9104,BANK CONTROL GROUP,0
1250,William,,Raddatz,19800428,EMPLOYEE,ACTIVE,00000000,Social Security,222-55-9105,BANK CONTROL GROUP,0
1251,Kenneth,,Cook,19800914,EMPLOYEE,ACTIVE,00000000,Social Security,222-55-9106,BANK CONTROL GROUP,0
1252,Rene,,Perkins,19810914,EMPLOYEE,ACTIVE,00000000,Social Security,222-55-9107,BANK CONTROL GROUP,0
1253,Marilyn,,Moser,19851228,EMPLOYEE,ACTIVE,00000000,Social Security,222-55-9108,BANK CONTROL GROUP,0
1254,Michael,,Gitonga,19860526,EMPLOYEE,ACTIVE,00000000,Social Security,222-55-9109,BANK CONTROL GROUP,0
1255,Dana,,Kunstadt,19871010,EMPLOYEE,ACTIVE,00000000,Social Security,222-55-9110,BANK CONTROL GROUP,0
1256,Sandy,,Sheff,19871226,EMPLOYEE,ACTIVE,00000000,Social Security,222-55-9111,BANK CONTROL GROUP,0
1257,Michael,,Porter,19880426,EMPLOYEE,ACTIVE,00000000,Social Security,222-55-9112,BANK CONTROL GROUP,0
1258,Marilyn,,Schmidt,19901228,EMPLOYEE,ACTIVE,00000000,Social Security,222-55-9113,BANK CONTROL GROUP,0
1259,Sam,,Grimsley,19800914,EMPLOYEE,ACTIVE,00000000,Social Security,222-55-9114,BANK CONTROL GROUP,0
1260,Rene,,Morris,19810914,EMPLOYEE,ACTIVE,00000000,Social Security,222-55-9115,BANK CONTROL GROUP,0
1261,Erin,,McAdams,19851228,EMPLOYEE,ACTIVE,00000000,Social Security,222-55-9116,BANK CONTROL GROUP,0
1262,Zeke,,Thomas,19860526,EMPLOYEE,ACTIVE,00000000,Social Security,222-55-9117,BANK CONTROL GROUP,0
1263,Rene,,Curry,19851228,EMPLOYEE,ACTIVE,00000000,Social Security,222-55-9118,BANK CONTROL GROUP,0
1264,Michael,,Hunt,19860526,EMPLOYEE,ACTIVE,00000000,Social Security,222-55-9119,BANK CONTROL GROUP,0
1265,Elizabeth,,Salgado,19901228,EMPLOYEE,ACTIVE,00000000,Social Security,222-55-9120,BANK CONTROL GROUP,0
1266,Tessa,,Hester,19910915,EMPLOYEE,ACTIVE,00000000,Social Security,222-55-9121,BANK CONTROL GROUP,0
1267,Edward,,Cramer,19851228,EMPLOYEE,ACTIVE,00000000,Social Security,222-55-9122,BANK CONTROL GROUP,0
1268,Foster,,Story,19880426,EMPLOYEE,ACTIVE,00000000,Social Security,222-55-9123,BANK CONTROL GROUP,0
1269,Michael,,Banks,19901228,EMPLOYEE,ACTIVE,00000000,Social Security,222-55-9124,BANK CONTROL GROUP,0
1270,William,,Gehan,19771205,EMPLOYEE,ACTIVE,00000000,Social Security,222-55-9125,BANK CONTROL GROUP,0
1271,Roy,,Jones,19800428,EMPLOYEE,ACTIVE,00000000,Social Security,222-55-9126,BANK CONTROL GROUP,0
1272,Kenneth,,Gonzales,19800914,EMPLOYEE,ACTIVE,00000000,Social Security,222-55-9127,BANK CONTROL GROUP,0
1273,Bill,,Heath,19810914,EMPLOYEE,ACTIVE,00000000,Social Security,222-55-9128,BANK CONTROL GROUP,0
1274,Erin,,Aubry,19851228,EMPLOYEE,ACTIVE,00000000,Social Security,222-55-9129,BANK CONTROL GROUP,0
1275,Erin,,Loza,19860526,EMPLOYEE,ACTIVE,00000000,Social Security,222-55-9130,BANK CONTROL GROUP,1
1276,Michael,,Rasco,19871010,EMPLOYEE,ACTIVE,00000000,Social Security,222-55-9131,BANK CONTROL GROUP,0
1277,Rene,,Alexander,19871226,EMPLOYEE,ACTIVE,00000000,Social Security,222-55-9132,BANK CONTROL GROUP,1
1278,Sandy,,Moorman,19880426,EMPLOYEE,ACTIVE,00000000,Social Security,222-55-9133,BANK CONTROL GROUP,0
1279,Sandy,,Parker,19901228,EMPLOYEE,ACTIVE,00000000,Social Security,222-55-9134,BANK CONTROL GROUP,1
1280,Erin,,Shoemaker,19800914,EMPLOYEE,ACTIVE,00000000,Social Security,222-55-9135,BANK CONTROL GROUP,0
1281,William,,Sutherlin,19810914,EMPLOYEE,ACTIVE,00000000,Social Security,222-55-9136,BANK CONTROL GROUP,0
1282,Elizabeth,,Uloth,19851228,EMPLOYEE,ACTIVE,00000000,Social Security,222-55-9137,BANK CONTROL GROUP,0
1283,Erin,,Wilkinson,19860526,EMPLOYEE,ACTIVE,00000000,Social Security,222-55-9138,BANK CONTROL GROUP,0
1284,Dana,,Haynes,19851228,EMPLOYEE,ACTIVE,00000000,Social Security,222-55-9139,BANK CONTROL GROUP,0
1285,Linda,,Hickox,19860526,EMPLOYEE,ACTIVE,00000000,Social Security,222-55-9140,BANK CONTROL GROUP,0
1286,Anne,,Smith,19901228,EMPLOYEE,ACTIVE,00000000,Social Security,222-55-9141,BANK CONTROL GROUP,0
1287,Sandy,,Bumpass,19910915,EMPLOYEE,ACTIVE,00000000,Social Security,222-55-9142,BANK CONTROL GROUP,0
1288,Erin,,Evans,19851228,EMPLOYEE,ACTIVE,00000000,Social Security,222-55-9143,BANK CONTROL GROUP,0
1289,Rene,,Flores,19880426,EMPLOYEE,ACTIVE,00000000,Social Security,222-55-9144,BANK CONTROL GROUP,0
1290,Dana,,Mason,19901228,EMPLOYEE,ACTIVE,00000000,Social Security,222-55-9145,BANK CONTROL GROUP,0
1291,Roy,,HaywaRd,19771205,EMPLOYEE,ACTIVE,00000000,Social Security,222-55-9146,BANK CONTROL GROUP,0
1292,Linda,,Lopez,19800428,EMPLOYEE,ACTIVE,00000000,Social Security,222-55-9147,BANK CONTROL GROUP,0
1293,Marilyn,,Dozier,19800914,EMPLOYEE,ACTIVE,00000000,Social Security,222-55-9148,BANK CONTROL GROUP,0
1294,William,,Holmes,19810914,EMPLOYEE,ACTIVE,00000000,Social Security,222-55-9149,BANK CONTROL GROUP,0
1295,Anne,,Schwartz,19851228,EMPLOYEE,ACTIVE,00000000,Social Security,222-55-9150,BANK CONTROL GROUP,0
1296,Foster,,Mulheren,19860526,EMPLOYEE,ACTIVE,00000000,Social Security,222-55-9151,BANK CONTROL GROUP,0
1297,Michael,,Malloy,19871010,EMPLOYEE,ACTIVE,00000000,Social Security,222-55-9152,BANK CONTROL GROUP,0
1298,Anne,,Fernandez,19871226,EMPLOYEE,ACTIVE,00000000,Social Security,222-55-9153,BANK CONTROL GROUP,0
1299,Foster,,Zylks,19880426,EMPLOYEE,TERMINATED,00000000,Social Security,222-55-9154,BANK CONTROL GROUP,0
1300,Melissa,,Wedgwood,19901228,EMPLOYEE,ACTIVE,00000000,Social Security,222-55-9155,BANK CONTROL GROUP,1
1301,William,,Dickerson,19800914,EMPLOYEE,ACTIVE,00000000,Social Security,222-55-9156,BANK CONTROL GROUP,0
1302,Sandy,,Holub,19810914,EMPLOYEE,ACTIVE,00000000,Social Security,222-55-9157,BANK CONTROL GROUP,0
1303,Kenneth,,Meek,19851228,EMPLOYEE,ACTIVE,00000000,Social Security,222-55-9158,BANK CONTROL GROUP,0
1304,Edward,,Rangel,19860526,EMPLOYEE,ACTIVE,00000000,Social Security,222-55-9159,BANK CONTROL GROUP,0
1305,Edward,,Speed,19851228,EMPLOYEE,ACTIVE,00000000,Social Security,222-55-9160,BANK CONTROL GROUP,0
1306,Kenneth,,Moseley,19860526,EMPLOYEE,ACTIVE,00000000,Social Security,222-55-9161,BANK CONTROL GROUP,0
1307,Anne,,Brantley,19901228,EMPLOYEE,ACTIVE,00000000,Social Security,222-55-9162,BANK CONTROL GROUP,0
1308,Rene,,Van Delft,19910915,EMPLOYEE,ACTIVE,00000000,Social Security,222-55-9163,BANK CONTROL GROUP,0
1309,Edward,,Foster,19851228,EMPLOYEE,ACTIVE,00000000,Social Security,222-55-9164,BANK CONTROL GROUP,0
1310,Dana,,Cossey,19880426,EMPLOYEE,ACTIVE,00000000,Social Security,222-55-9165,BANK CONTROL GROUP,0
1311,Dana,,Baker,19901228,EMPLOYEE,ACTIVE,00000000,Social Security,222-55-9166,BANK CONTROL GROUP,0
1312,Elizabeth,,Cummings,19771205,EMPLOYEE,ACTIVE,00000000,Social Security,222-55-9167,BANK CONTROL GROUP,0
1313,Melissa,,Parker,20100601,EMPLOYEE,ACTIVE,00000000,Social Security,222-55-9168,BANK CONTROL GROUP,0
1314,Jennifer,,Oates,20100601,EMPLOYEE,ACTIVE,00000000,Social Security,222-55-9169,BANK CONTROL GROUP,0
1315,Melissa,,Fincanon,20100609,EMPLOYEE,ACTIVE,00000000,Social Security,222-55-9170,BANK CONTROL GROUP,0
1316,George,,Hyten,19800428,EMPLOYEE,ACTIVE,00000000,Social Security,222-55-9171,BANK CONTROL GROUP,0
1317,Marilyn,,Foster,19800914,EMPLOYEE,ACTIVE,00000000,Social Security,222-55-9172,BANK CONTROL GROUP,0
1318,Dana,,Carroll,19810914,EMPLOYEE,ACTIVE,00000000,Social Security,222-55-9173,BANK CONTROL GROUP,0
1319,Michael,,Cruse,19851228,EMPLOYEE,ACTIVE,00000000,Social Security,222-55-9174,BANK CONTROL GROUP,0
1320,Erin,,Kobos,19860526,EMPLOYEE,ACTIVE,00000000,Social Security,222-55-9175,BANK CONTROL GROUP,0
1321,Roy,,Porter,19871010,EMPLOYEE,ACTIVE,00000000,Social Security,222-55-9176,BANK CONTROL GROUP,0
1322,Melissa,,Bambach,19871226,EMPLOYEE,ACTIVE,00000000,Social Security,222-55-9177,BANK CONTROL GROUP,0
1323,Sam,,Dickerson,19880426,EMPLOYEE,ACTIVE,00000000,Social Security,222-55-9178,BANK CONTROL GROUP,0
1324,Roy,,Winters,19901228,EMPLOYEE,ACTIVE,00000000,Social Security,222-55-9179,BANK CONTROL GROUP,1
1325,Teddy,,Gaponov,19800914,EMPLOYEE,ACTIVE,00000000,Social Security,222-55-9180,BANK CONTROL GROUP,0
1326,Sam,,Classen,19810914,EMPLOYEE,ACTIVE,00000000,Social Security,222-55-9181,BANK CONTROL GROUP,0
1327,Troy,,Meek,19851228,EMPLOYEE,ACTIVE,00000000,Social Security,222-55-9182,BANK CONTROL GROUP,0
1328,Walter,,Walther,19860526,EMPLOYEE,ACTIVE,00000000,Social Security,222-55-9183,BANK CONTROL GROUP,0
1329,George,,Hurtado,19851228,EMPLOYEE,ACTIVE,00000000,Social Security,222-55-9184,BANK CONTROL GROUP,0
1330,Sandy,,Rankin,19860526,EMPLOYEE,ACTIVE,00000000,Social Security,222-55-9185,BANK CONTROL GROUP,0
1331,Simpson,,Rangel,19901228,EMPLOYEE,ACTIVE,00000000,Social Security,222-55-9186,BANK CONTROL GROUP,0
1332,George,,Smith,19910915,EMPLOYEE,ACTIVE,00000000,Social Security,222-55-9187,BANK CONTROL GROUP,0
1333,Art,,Moseley,19851228,EMPLOYEE,ACTIVE,00000000,Social Security,222-55-9188,BANK CONTROL GROUP,0
1334,George,,Hart,19880426,EMPLOYEE,ACTIVE,00000000,Social Security,222-55-9189,BANK CONTROL GROUP,0
1335,Kenneth,,Sargent,19901228,EMPLOYEE,ACTIVE,00000000,Social Security,222-55-9190,BANK CONTROL GROUP,0
1336,Erin,,Zeske,19771205,EMPLOYEE,ACTIVE,00000000,Social Security,222-55-9191,BANK CONTROL GROUP,0
1337,Kenneth,,Louviere,20101226,EMPLOYEE,ACTIVE,00000000,Social Security,222-55-9192,BANK CONTROL GROUP,0
1338,Rene,,Rayl,20101226,EMPLOYEE,ACTIVE,00000000,Social Security,222-55-9193,BANK CONTROL GROUP,0
1339,Erin,,Dudasko,19800428,EMPLOYEE,ACTIVE,00000000,Social Security,222-55-9194,BANK CONTROL GROUP,0
1340,Dana,,Muzyka,19800914,EMPLOYEE,ACTIVE,00000000,Social Security,222-55-9195,BANK CONTROL GROUP,0
1341,Roy,,Harris,19810914,EMPLOYEE,ACTIVE,00000000,Social Security,222-55-9196,BANK CONTROL GROUP,0
1342,Erin,,Gregory,19851228,EMPLOYEE,ACTIVE,00000000,Social Security,222-55-9197,BANK CONTROL GROUP,0
1343,Sandy,,Hall,19860526,EMPLOYEE,ACTIVE,00000000,Social Security,222-55-9198,BANK CONTROL GROUP,0
1344,Marilyn,,Hill,19871010,EMPLOYEE,ACTIVE,00000000,Social Security,222-55-9199,BANK CONTROL GROUP,0
1345,William,,Laurendine,19871226,EMPLOYEE,ACTIVE,00000000,Social Security,222-55-9200,BANK CONTROL GROUP,0
1346,Dana,,Lucero,19880426,EMPLOYEE,ACTIVE,00000000,Social Security,222-55-9201,BANK CONTROL GROUP,0
1347,Jim,,Lyons,19901228,EMPLOYEE,ACTIVE,00000000,Social Security,222-55-9202,BANK CONTROL GROUP,0
1348,Elizabeth,,Morin,19800914,EMPLOYEE,ACTIVE,00000000,Social Security,222-55-9203,BANK CONTROL GROUP,0
1349,Kenneth,,Foster,19810914,EMPLOYEE,ACTIVE,00000000,Social Security,222-55-9204,BANK CONTROL GROUP,0
1350,Marilyn,,Harris,19851228,EMPLOYEE,ACTIVE,00000000,Social Security,222-55-9205,BANK CONTROL GROUP,0
1351,Rene,,Hickman,19860526,EMPLOYEE,ACTIVE,00000000,Social Security,222-55-9206,BANK CONTROL GROUP,0
1352,Elizabeth,,Cohen,19851228,EMPLOYEE,ACTIVE,00000000,Social Security,222-55-9207,BANK CONTROL GROUP,0
1353,William,,Baland,19860526,EMPLOYEE,ACTIVE,00000000,Social Security,222-55-9208,BANK CONTROL GROUP,0
1354,Linda,,Wyatt,19901228,EMPLOYEE,ACTIVE,00000000,Social Security,222-55-9209,BANK CONTROL GROUP,0
1355,Dana,,Duvall,19910915,EMPLOYEE,ACTIVE,00000000,Social Security,222-55-9210,BANK CONTROL GROUP,0
1356,Linda,,Thompson,19851228,EMPLOYEE,ACTIVE,00000000,Social Security,222-55-9211,BANK CONTROL GROUP,0
1357,Dana,,Pope,19880426,EMPLOYEE,ACTIVE,00000000,Social Security,222-55-9212,BANK CONTROL GROUP,0
1358,Marilyn,,Suddeth,19901228,EMPLOYEE,ACTIVE,00000000,Social Security,222-55-9213,BANK CONTROL GROUP,0
1359,Foster,,Griffith,19971205,EMPLOYEE,ACTIVE,00000000,Social Security,222-55-9214,BANK CONTROL GROUP,0
1360,Linda,,Connell,20110311,EMPLOYEE,ACTIVE,00000000,Social Security,222-55-9215,BANK CONTROL GROUP,0
1361,Kelsey,,Griffin,20110311,EMPLOYEE,ACTIVE,00000000,Social Security,222-55-9216,BANK CONTROL GROUP,0
1362,Melissa,,Bleau,20110311,EMPLOYEE,ACTIVE,00000000,Social Security,222-55-9217,BANK CONTROL GROUP,1
1363,George,,Johnson,19800428,EMPLOYEE,ACTIVE,00000000,Social Security,222-55-9218,BANK CONTROL GROUP,0
1364,William,,Sharp,19800914,EMPLOYEE,ACTIVE,00000000,Social Security,222-55-9219,BANK CONTROL GROUP,0
1365,Edward,,Clark,19810914,EMPLOYEE,ACTIVE,00000000,Social Security,222-55-9220,BANK CONTROL GROUP,0
1366,Elizabeth,,Shesler,19851228,EMPLOYEE,ACTIVE,00000000,Social Security,222-55-9221,BANK CONTROL GROUP,0
1367,Foster,,Jean,19860526,EMPLOYEE,ACTIVE,00000000,Social Security,222-55-9222,BANK CONTROL GROUP,0
1368,Roy,,Nordeman,19871010,EMPLOYEE,ACTIVE,00000000,Social Security,222-55-9223,BANK CONTROL GROUP,0
1369,Foster,,Axgobek,19871226,EMPLOYEE,ACTIVE,00000000,Social Security,222-55-9224,BANK CONTROL GROUP,1
1370,Edward,,Weatherby,19880426,EMPLOYEE,ACTIVE,00000000,Social Security,222-55-9225,BANK CONTROL GROUP,0
1371,Rene,,McLean,19901228,EMPLOYEE,ACTIVE,00000000,Social Security,222-55-9226,BANK CONTROL GROUP,0
1372,Barry,,Dogra,19800914,EMPLOYEE,ACTIVE,00000000,Social Security,222-55-9227,BANK CONTROL GROUP,0
1373,Foster,,Rhodes,19810914,EMPLOYEE,ACTIVE,00000000,Social Security,222-55-9228,BANK CONTROL GROUP,0
1374,Rene,,Butler,19851228,EMPLOYEE,ACTIVE,00000000,Social Security,222-55-9229,BANK CONTROL GROUP,0
1375,Sandy,,Cross,19860526,EMPLOYEE,ACTIVE,00000000,Social Security,222-55-9230,BANK CONTROL GROUP,0
1376,Foster,,Schroder,19851228,EMPLOYEE,ACTIVE,00000000,Social Security,222-55-9231,BANK CONTROL GROUP,0
1377,Anne,,Stratton,19860526,EMPLOYEE,ACTIVE,00000000,Social Security,222-55-9232,BANK CONTROL GROUP,0
1378,Kenneth,,Bourgeois,19901228,EMPLOYEE,ACTIVE,00000000,Social Security,222-55-9233,BANK CONTROL GROUP,0
1379,Erin,,Himmelreich,19910915,EMPLOYEE,ACTIVE,00000000,Social Security,222-55-9234,BANK CONTROL GROUP,0
1380,William,,Moncibais,19851228,EMPLOYEE,ACTIVE,00000000,Social Security,222-55-9235,BANK CONTROL GROUP,0
1381,Sandy,,Webster,19880426,EMPLOYEE,ACTIVE,00000000,Social Security,222-55-9236,BANK CONTROL GROUP,0
1382,Thomas,,Short,19901228,EMPLOYEE,ACTIVE,00000000,Social Security,222-55-9237,BANK CONTROL GROUP,0
1383,Rene,,Cole,19771205,EMPLOYEE,ACTIVE,00000000,Social Security,222-55-9238,BANK CONTROL GROUP,0
1384,Linda,,Dale,20110829,EMPLOYEE,ACTIVE,00000000,Social Security,222-55-9239,BANK CONTROL GROUP,0
1385,Melissa,,Dixon,20110829,EMPLOYEE,ACTIVE,00000000,Social Security,222-55-9240,BANK CONTROL GROUP,0
1386,Celine,,Gleghorn,19800428,EMPLOYEE,ACTIVE,00000000,Social Security,222-55-9241,BANK CONTROL GROUP,0
1387,Roy,,Groezinger,19800914,EMPLOYEE,ACTIVE,00000000,Social Security,222-55-9242,BANK CONTROL GROUP,0
1388,Dana,,Grimsley,19810914,EMPLOYEE,ACTIVE,00000000,Social Security,222-55-9243,BANK CONTROL GROUP,0
1389,Kenneth,,Phillips,19851228,EMPLOYEE,ACTIVE,00000000,Social Security,222-55-9244,BANK CONTROL GROUP,0
1390,Elizabeth,,Stephens,19860526,EMPLOYEE,ACTIVE,00000000,Social Security,222-55-9245,BANK CONTROL GROUP,0
1391,Michael,,Jenkins,19871010,EMPLOYEE,ACTIVE,00000000,Social Security,222-55-9246,BANK CONTROL GROUP,0
1392,Candy,,Hampton,19871226,EMPLOYEE,ACTIVE,00000000,Social Security,222-55-9247,BANK CONTROL GROUP,0
1393,Anne,,Carruth,19880426,EMPLOYEE,ACTIVE,00000000,Social Security,222-55-9248,BANK CONTROL GROUP,1
1394,Marilyn,,Knehans,19901228,EMPLOYEE,ACTIVE,00000000,Social Security,222-55-9249,BANK CONTROL GROUP,0
1395,Marilyn,,Eschleman,19800914,EMPLOYEE,ACTIVE,00000000,Social Security,222-55-9250,BANK CONTROL GROUP,0
1396,Virginia,,Wynn,19810914,EMPLOYEE,ACTIVE,00000000,Social Security,222-55-9251,BANK CONTROL GROUP,1
1397,Charlotte,,Bishop,19851228,EMPLOYEE,ACTIVE,00000000,Social Security,222-55-9252,BANK CONTROL GROUP,0
1398,Linda,,Hyten,19860526,EMPLOYEE,ACTIVE,00000000,Social Security,222-55-9253,BANK CONTROL GROUP,0
1399,Elizabeth,,Stavely,19851228,EMPLOYEE,ACTIVE,00000000,Social Security,222-55-9254,BANK CONTROL GROUP,1
1400,Sandy,,Makhani,19860526,EMPLOYEE,ACTIVE,00000000,Social Security,222-55-9255,BANK CONTROL GROUP,0
1401,Sandy,,Lee,19901228,EMPLOYEE,ACTIVE,00000000,Social Security,222-55-9256,BANK CONTROL GROUP,1
1402,George,,Holub,19910915,EMPLOYEE,ACTIVE,00000000,Social Security,222-55-9257,BANK CONTROL GROUP,0
1403,Melissa,,Thomes,19851228,EMPLOYEE,ACTIVE,00000000,Social Security,222-55-9258,BANK CONTROL GROUP,0
1404,Foster,,Hayack,19880426,EMPLOYEE,ACTIVE,00000000,Social Security,222-55-9259,BANK CONTROL GROUP,0
1405,Anne,,Demiv,19901228,EMPLOYEE,ACTIVE,00000000,Social Security,222-55-9260,BANK CONTROL GROUP,0
1406,Sue,,McShurley,19771205,EMPLOYEE,ACTIVE,00000000,Social Security,222-55-9261,BANK CONTROL GROUP,0
1407,Marilyn,,Mansoori,20140425,EMPLOYEE,ACTIVE,00000000,Social Security,222-55-9262,BANK CONTROL GROUP,0
1408,Marilyn,,Love,20140625,EMPLOYEE,ACTIVE,00000000,Social Security,222-55-9263,BANK CONTROL GROUP,0
1409,Melissa,,Kaufhold,20140825,EMPLOYEE,ACTIVE,00000000,Social Security,222-55-9264,BANK CONTROL GROUP,0
1410,Roy,,Wilson,19801028,EMPLOYEE,ACTIVE,00000000,Social Security,222-55-9265,BANK CONTROL GROUP,0
1411,William,,Noble,19800914,EMPLOYEE,ACTIVE,00000000,Social Security,222-55-9266,BANK CONTROL GROUP,0
1412,Linda,,Shine,19810914,EMPLOYEE,ACTIVE,00000000,Social Security,222-55-9267,BANK CONTROL GROUP,0
1413,Mark,,Dyer,19851228,EMPLOYEE,ACTIVE,00000000,Social Security,222-55-9268,BANK CONTROL GROUP,0
1414,Michael,,Tyson,19860526,EMPLOYEE,ACTIVE,00000000,Social Security,222-55-9269,BANK CONTROL GROUP,0
1415,Kenneth,,Widener,19871010,EMPLOYEE,ACTIVE,00000000,Social Security,222-55-9270,BANK CONTROL GROUP,0
1416,Foster,,Brackett,19871226,EMPLOYEE,ACTIVE,00000000,Social Security,222-55-9271,BANK CONTROL GROUP,0
1417,Edward,,Roe,19880426,EMPLOYEE,ACTIVE,00000000,Social Security,222-55-9272,BANK CONTROL GROUP,0
1418,Erin,,Cannon,19901228,EMPLOYEE,ACTIVE,00000000,Social Security,222-55-9273,BANK CONTROL GROUP,0
1419,Sandy,,Maxwell,19800914,EMPLOYEE,ACTIVE,00000000,Social Security,222-55-9274,BANK CONTROL GROUP,0
1420,Erin,,Marks,19810914,EMPLOYEE,ACTIVE,00000000,Social Security,222-55-9275,BANK CONTROL GROUP,0
1421,Kenneth,,Inman,19851228,EMPLOYEE,ACTIVE,00000000,Social Security,222-55-9276,BANK CONTROL GROUP,0
1422,Sandy,,Williams,19860526,EMPLOYEE,ACTIVE,00000000,Social Security,222-55-9277,BANK CONTROL GROUP,0
1423,Anne,,Grobel,20201228,EMPLOYEE,ACTIVE,00000000,Social Security,222-55-9278,BANK CONTROL GROUP,1
1424,Rene,,Smithers,19860526,EMPLOYEE,ACTIVE,00000000,Social Security,222-55-9279,BANK CONTROL GROUP,1
1425,Kenneth,,Reams,20101228,EMPLOYEE,ACTIVE,00000000,Social Security,222-55-9280,BANK CONTROL GROUP,0
1426,Michael,,Hanna,19910915,EMPLOYEE,ACTIVE,00000000,Social Security,222-55-9281,BANK CONTROL GROUP,0
1427,Elizabeth,,Booher,19851228,EMPLOYEE,ACTIVE,00000000,Social Security,222-55-9282,BANK CONTROL GROUP,1
1428,Dana,,Strahl,19880426,EMPLOYEE,ACTIVE,00000000,Social Security,222-55-9283,BANK CONTROL GROUP,0
1429,Sandy,,Gilligam,19901228,EMPLOYEE,ACTIVE,00000000,Social Security,222-55-9284,BANK CONTROL GROUP,0
1430,Linda,,Sanders,19771205,EMPLOYEE,ACTIVE,00000000,Social Security,222-55-9285,BANK CONTROL GROUP,1
1431,Michael,,Werberig,19851228,EMPLOYEE,ACTIVE,00000000,Social Security,222-55-9286,BANK CONTROL GROUP,0
1432,Dana,,Ferguson,19880426,EMPLOYEE,ACTIVE,00000000,Social Security,222-55-9287,BANK CONTROL GROUP,0
1433,Roy,,Garza,19901228,EMPLOYEE,ACTIVE,00000000,Social Security,222-55-9288,BANK CONTROL GROUP,0
1434,Linda,,Stephens,19771205,EMPLOYEE,ACTIVE,00000000,Social Security,222-55-9289,BANK CONTROL GROUP,0
1435,Anne,,Johnson,20140425,EMPLOYEE,ACTIVE,00000000,Social Security,222-55-9290,BANK CONTROL GROUP,0
1436,Edward,,Shaw,20140625,EMPLOYEE,ACTIVE,00000000,Social Security,222-55-9291,BANK CONTROL GROUP,0
1437,Roy,,Smart,20140825,EMPLOYEE,ACTIVE,00000000,Social Security,222-55-9292,BANK CONTROL GROUP,0
1438,Michael,,Stark,19801028,EMPLOYEE,ACTIVE,00000000,Social Security,222-55-9293,BANK CONTROL GROUP,0
1439,Elizabeth,,Saldo,19800914,EMPLOYEE,ACTIVE,00000000,Social Security,222-55-9294,BANK CONTROL GROUP,0
1440,Rene,,Stegner,20140806,EMPLOYEE,ACTIVE,00000000,Social Security,222-55-9295,BANK CONTROL GROUP,0
1441,Roy,,Roderick,20141004,EMPLOYEE,ACTIVE,00000000,Social Security,222-55-9296,BANK CONTROL GROUP,0
1442,Melissa,,Cross,20141004,EMPLOYEE,ACTIVE,00000000,Social Security,222-55-9297,BANK CONTROL GROUP,0
1443,Marilyn,,Eschleman,20141004,EMPLOYEE,ACTIVE,00000000,Social Security,222-55-9298,BANK CONTROL GROUP,0
1444,Elizabeth,,Alaniz,20141004,EMPLOYEE,ACTIVE,00000000,Social Security,222-55-9299,BANK CONTROL GROUP,1
1445,Corrie,,Doss,20141226,EMPLOYEE,ACTIVE,00000000,Social Security,222-55-9300,BANK CONTROL GROUP,0
1446,George,,Fitzgerald,20150330,EMPLOYEE,ACTIVE,00000000,Social Security,222-55-9301,BANK CONTROL GROUP,0
1447,Marilyn,,Moser,20150601,EMPLOYEE,ACTIVE,00000000,Social Security,222-55-9302,BANK CONTROL GROUP,0
1448,William,,Post,20150702,EMPLOYEE,ACTIVE,00000000,Social Security,222-55-9303,BANK CONTROL GROUP,0
1449,Sunny,,Baugh,20201228,EMPLOYEE,ACTIVE,00000000,Social Security,222-55-9304,BANK CONTROL GROUP,0
1450,Cathy,,Crenshaw,19860526,EMPLOYEE,ACTIVE,00000000,Social Security,222-55-9305,BANK CONTROL GROUP,1
1451,Michael,,Fisch,20101228,EMPLOYEE,ACTIVE,00000000,Social Security,222-55-9306,BANK CONTROL GROUP,0
1452,Sandy,,Kahn,19910915,EMPLOYEE,ACTIVE,00000000,Social Security,222-55-9307,BANK CONTROL GROUP,0
1453,Foster,,Martin,19851228,EMPLOYEE,ACTIVE,00000000,Social Security,222-55-9308,BANK CONTROL GROUP,0
1454,Tomas,,Mitchell,19880426,EMPLOYEE,ACTIVE,00000000,Social Security,222-55-9309,BANK CONTROL GROUP,0
1455,Sally,,Schilling,19901228,EMPLOYEE,ACTIVE,00000000,Social Security,222-55-9310,BANK CONTROL GROUP,0
1456,Foster,,Cortez,20150925,EMPLOYEE,ACTIVE,00000000,Social Security,222-55-9311,BANK CONTROL GROUP,0
1457,Sandy,,Romero,20150925,EMPLOYEE,ACTIVE,00000000,Social Security,222-55-9312,BANK CONTROL GROUP,0
1458,Linda,,Kirkman,20201228,EMPLOYEE,ACTIVE,00000000,Social Security,222-55-9313,BANK CONTROL GROUP,0
1459,William,,Smith,19860526,EMPLOYEE,ACTIVE,00000000,Social Security,222-55-9314,BANK CONTROL GROUP,0
1460,Heather,,Morgan,20101228,EMPLOYEE,ACTIVE,00000000,Social Security,222-55-9315,BANK CONTROL GROUP,0
1461,Melissa,,Hernandez,19910915,EMPLOYEE,ACTIVE,00000000,Social Security,222-55-9316,BANK CONTROL GROUP,0
1462,Dana,,Simpson,19851228,EMPLOYEE,ACTIVE,00000000,Social Security,222-55-9317,BANK CONTROL GROUP,0
1463,Sandy,,Spurlock,19880426,EMPLOYEE,ACTIVE,00000000,Social Security,222-55-9318,BANK CONTROL GROUP,0
1464,Frank,,Tozier,19901228,EMPLOYEE,ACTIVE,00000000,Social Security,222-55-9319,BANK CONTROL GROUP,0
1465,Michael,,Tausend,20201228,EMPLOYEE,ACTIVE,00000000,Social Security,222-55-9320,BANK CONTROL GROUP,0
1466,Gerald,,Garner,19860526,EMPLOYEE,ACTIVE,00000000,Social Security,222-55-9321,BANK CONTROL GROUP,0
1467,Ken,,Porter,20101228,EMPLOYEE,ACTIVE,00000000,Social Security,222-55-9322,BANK CONTROL GROUP,0
1468,Tom,,Williams,19910915,EMPLOYEE,ACTIVE,00000000,Social Security,222-55-9323,BANK CONTROL GROUP,1
1469,Ellen,,Hernandez,19851228,EMPLOYEE,ACTIVE,00000000,Social Security,222-55-9324,BANK CONTROL GROUP,0
1470,Ryan,,Reynolds,19880426,EMPLOYEE,ACTIVE,00000000,Social Security,222-55-9325,BANK CONTROL GROUP,0
1471,Melissa,Jane1,Acres,19901228,EMPLOYEE,ACTIVE,00000000,Social Security,222-55-9326,BANK CONTROL GROUP,1
1472,Michael,,Lester,20160829,EMPLOYEE,ACTIVE,00000000,Social Security,222-55-9327,BANK CONTROL GROUP,0
1473,Anne,,Dyess,20171025,EMPLOYEE,ACTIVE,00000000,Social Security,222-55-9328,BANK CONTROL GROUP,0
1474,Cheryl,,Embers,20171025,EMPLOYEE,ACTIVE,00000000,Social Security,222-55-9329,BANK CONTROL GROUP,0
1475,Melissa,,Morgan,20201228,EMPLOYEE,ACTIVE,00000000,Social Security,222-55-9330,BANK CONTROL GROUP,0
1476,Jim,,Wright,19860526,EMPLOYEE,ACTIVE,00000000,Social Security,222-55-9331,BANK CONTROL GROUP,1
1477,Edward,,Gillespie,20101228,EMPLOYEE,ACTIVE,00000000,Social Security,222-55-9332,BANK CONTROL GROUP,0
1478,Rene,,Litchfield,19910915,EMPLOYEE,ACTIVE,00000000,Social Security,222-55-9333,BANK CONTROL GROUP,0
1479,Sandy,,Blas,19851228,EMPLOYEE,ACTIVE,00000000,Social Security,222-55-9334,BANK CONTROL GROUP,0
1480,Linda,,Ervin,19880426,EMPLOYEE,ACTIVE,00000000,Social Security,222-55-9335,BANK CONTROL GROUP,1
1481,Linda,,Fortin,19901228,EMPLOYEE,ACTIVE,00000000,Social Security,222-55-9336,BANK CONTROL GROUP,1
1482,Erin,,Merkle,20180702,EMPLOYEE,ACTIVE,00000000,Social Security,222-55-9337,BANK CONTROL GROUP,0
1483,Erin,,Pizana,20180702,EMPLOYEE,ACTIVE,00000000,Social Security,222-55-9338,BANK CONTROL GROUP,0
1484,Foster,,Silver,20180702,EMPLOYEE,ACTIVE,00000000,Social Security,222-55-9339,BANK CONTROL GROUP,0
1485,Benjamin,,Parker,20180702,EMPLOYEE,ACTIVE,00000000,Social Security,222-55-9340,BANK CONTROL GROUP,0
1486,Marilyn,,Ansis,20180902,EMPLOYEE,ACTIVE,00000000,Social Security,222-55-9341,BANK CONTROL GROUP,1
1487,Elizabeth,,Lindstrom,20180902,EMPLOYEE,ACTIVE,00000000,Social Security,222-55-9342,BANK CONTROL GROUP,0
1488,Elizabeth,,Cummings,20181209,EMPLOYEE,ACTIVE,00000000,Social Security,222-55-9343,BANK CONTROL GROUP,0
1489,George,,Brantley,20121225,EMPLOYEE,ACTIVE,00000000,Social Security,222-55-9344,BANK CONTROL GROUP,0
1490,Kenneth,,Nix,20131225,EMPLOYEE,ACTIVE,00000000,Social Security,222-55-9345,BANK CONTROL GROUP,0
1491,Felicity,,Border,20100406,EMPLOYEE,ACTIVE,00000000,Social Security,222-55-9346,BANK CONTROL GROUP,1
1492,Kenneth,,Phillips,20010625,EMPLOYEE,ACTIVE,00000000,Social Security,222-55-9347,BANK CONTROL GROUP,0
1493,Marilyn,,Cook,20030726,EMPLOYEE,ACTIVE,00000000,Social Security,222-55-9348,BANK CONTROL GROUP,0
1494,Belinda,,Bosoco,20070929,EMPLOYEE,ACTIVE,00000000,Social Security,222-55-9349,BANK CONTROL GROUP,0
1495,Linda,,Connell,20080624,EMPLOYEE,ACTIVE,00000000,Social Security,222-55-9350,BANK CONTROL GROUP,0
1496,Betsy,,Hokamp,20040827,EMPLOYEE,ACTIVE,00000000,Social Security,222-55-9351,BANK CONTROL GROUP,0
1497,Rene,,Mulkay,20100501,EMPLOYEE,ACTIVE,00000000,Social Security,222-55-9352,BANK CONTROL GROUP,0
1498,Edward,,Tucker,20140302,EMPLOYEE,ACTIVE,00000000,Social Security,222-55-9353,BANK CONTROL GROUP,0
1499,Felicity,,Taylor,19860224,EMPLOYEE,ACTIVE,00000000,Social Security,222-55-9354,BANK CONTROL GROUP,0
1500,Marilyn,,Stewart,20100828,EMPLOYEE,ACTIVE,00000000,Social Security,222-55-9355,BANK CONTROL GROUP,0
1501,William,,Rodriguez,20170904,EMPLOYEE,ACTIVE,00000000,Social Security,222-55-9356,BANK CONTROL GROUP,0
2050,Roy,,Bakos,19810914,EMPLOYEE,ACTIVE,00000000,Social Security,222-55-9357,BANK CONTROL GROUP,2
3001,Julian,Parker,Newman,20230701,EMPLOYEE,ACTIVE,00000000,,,SEMI-MO,1
3002,Mary,M,Carter,20230701,EMPLOYEE,ACTIVE,00000000,,,SEMI-MO,1
3003,Jerry,,Morris,20230701,EMPLOYEE,ACTIVE,00000000,,,WEEKLY,1
3004,Rose,A,Barr,20230701,EMPLOYEE,ACTIVE,00000000,,,WEEKLY,1
3007,Thomas,,Jordan,20230701,EMPLOYEE,ACTIVE,00000000,,,SEMI-MO,1
